color;map
BLACK;BLACK
OFF WHITE;WHITE
WHITE;WHITE
BABYBLUE;BLUE
WASHED GREY;GREY
FLAT WHITE;WHITE
CREAM;WHITE
WASHED BLACK;BLACK
BROWN;BROWN
GREEN;GREEN
BLACK;BLACK
BLUE;BLUE
HEATHER GREY;GREY
STONE GREY;GREY
BEIGE;WHITE
FOG;GREY
ROYAL BLUE;BLUE
JET BLACK;BLACK
BLACK;BLACK
STONE;GREY
BLACK WASHED;BLACK
MUSHROOM;WHITE
PURPLE;VIOLET
ULTIMATE GREY;GREY
CREAM;WHITE
KHAKI;GREEN
RACING GREEN;GREEN
ECRU;BROWN
LIGHT GREY;GREY
STONE;GREY
SAND BLUE;BLUE
RUBY;RED
LIGHT BLUE;BLUE
COBALT;BLUE
BABY BLUE;BLUE
BURNT RED;RED
FOREST GREEN;GREEN
EMERALD GREEN;GREEN
CHOCOLATE;BROWN
SMOKE;GREY
LAVENDAR;VIOLET
GREY MELANGE;GREY
PINK;RED
DARK GREY;GREY
MOCHA;BROWN
SKY BLUE;BLUE
SHARK GREY;GREY
GREY;GREY
BURGUNDY;RED
SAND;YELLOW
OCEAN BLUE;BLUE
SAFETY ORANGE;ORANGE
MUSTARD;YELLOW
NAVY;BLUE
WASHED BLACK;BLACK
OFFWHITE;WHITE
WASHED WHITE;WHITE
RUBY RED;RED
CAMO;GREEN
GREY MOSS;GREY
WASHED BLUE;BLUE
NEON ORANGE;ORANGE
RED;RED
BUTTERCREAM;YELLOW
MUD;BROWN
OLIVE;GREEN
DEEP PURPLE;VIOLET
TAUPE;BROWN
DARK GREEN;GREEN
POLAR WHITE;WHITE
BLUE CREAM;BLUE
STUDIO BLUE;BLUE
HUNTER GREEN;GREEN
DESERT;YELLOW
VINTAGE GREY;GREY
WARM GREY;GREY
FADED MOSS;GREEN
ALL BLACK;BLACK
CONCRETE WHITE;WHITE
BROWN/VINTAGE WHITE/BLACK;BROWN
BLACK VINTAGE WHITE;BLACK
VINTAGE WHITE;WHITE
WHITE GUM;WHITE
TAUPE WHITE;BROWN
BLACK WHITE;BLACK
MUSTANG;SONSTIGES
WASHED ANTHRA;GREY
JET BLACK;BLACK
DARK NAVY;BLUE
SAND STORM BLUE;BLUE
DARK BLUE;BLUE
DESERT BLUE;BLUE
LIGHT SAND WASH;YELLOW
WASHED BLUE;BLUE
OFF BLACK;BLACK
PURPLE;VIOLET
TURQUOISE;BLUE
DARK TAUPE;BROWN
TAUPE;BROWN
TAUPE CAMO;BROWN
GOLDEN OLIVE;GREEN
BLUE BERRY;BLUE
DARK OAK;BROWN
GREY;GREY
LIGHT CREAM;WHITE
MIDNIGHT BLACK;BLACK
LIGHT GREY;GREY
CRANBERRY;RED
WHITE;WHITE
VANILLA ICE;YELLOW
FADED FOREST;GREEN
SILVER;GREY
GREY MELANGE;GREY
VINTAGE BROWN;BROWN
VINTAGE WHITE;WHITE
INDIGO BLUE;BLUE
SESAME;YELLOW
DARK GREY HEATHER;GREY
WASHED GREEN;GREEN
DUST BLUE;BLUE
ICE BLUE;BLUE
FLAT WHITE ELECTRIC BLUE;BLUE
VINTAGE GREY YELLOW;GREY
BLACK ISLAND GREEN;BLACK
FADED BLUE;BLUE
ORANGE/BLACK;ORANGE
ANTHRACITE;GREY
BURNT OLIVE;GREEN
GREY;GREY
PLUM;VIOLET
DESERT GREY;GREY
ORANGE;ORANGE
CREAM/ORANGE;WHITE
OLIVE;GREEN
WASHED GREY;GREY
YELLOW;YELLOW
DARK STONE;GREY
GOLD;YELLOW
NAUTICAL BLUE;BLUE
OLIVE;GREEN
CANDY;SONSTIGES
OCHRE;YELLOW
KIWI;GREEN
WHEAT;YELLOW
SCHWARZ;BLACK
GREEN/OFFWHITE;GREEN
BLUE/OFFWHITE;BLUE
BLACK/OFFWHITE;BLACK
BEIGE/BEIGE;BROWN
BLACK/BEIGE;BLACK
BLACK/OFF WHITE;BLACK
WHITE/BLACK;WHITE
ONYX BLACK;BLACK
CHECKERED STONE;GREY
DARK OLIVE;GREEN
WASHED OFFWHITE;WHITE
DYED BLUE;BLUE
STRONG BLUE;BLUE
WASHED DARK BEIGE;BROWN
WASHED PURPLE;VIOLET
WASHED DARK BEIGE;BROWN
NAVY/RED;BLUE
FADED PINK;RED
MUD GREEN;GREEN
WASHED INDIGO;BLUE
ROSE;RED
NARDO GREY;GREY
WHITE/GREEN;WHITE
WASHED STONE GREY;GREY
FADED DESERT;YELLOW
DARK HEATHER;GREY
WASHED ONYX;BROWN
HEAVY WASHED BLACK;GREY
DUSTY BLUE;BLUE
YELLOW/RED;YELLOW
FADED SNAKES;BROWN
OFFWHITE;WHITE
LIGHT GREY MELANGE;GREY
WILLOW;YELLOW
WASHED ANTHRA;GREY
CREME;WHITE
GREEN GREY;GREEN
NAVY;BLUE
BLUE;BLUE
BROWN;BROWN
WASHED GREEN;GREEN
MINT;GREEN
LIGHT BLUE;BLUE
WASHED RUST BLACK;BLACK
PETROL;BROWN
BLACK/RED;BLACK
DARKGREY;GREY
DEFAULT TITLE;SONSTIGES
BRUSHED SILVER;GREY
BRUSHED GOLD;YELLOW
CLEAR;GREY
BLACK/WHITE;BLACK
BLACK/PURPLE;BLACK
CREAM/BLACK;WHITE
PINK LEMONADE;VIOLET
LIGHT BLUE/NAVY;BLUE
WHITE/DARK GREEN;WHITE
CREAM/ORANGE;WHITE
CREAM/BORDEAUX;WHITE
YELLOW/BROWN;YELLOW
DARK GREEN/CREAM;GREEN
WHITE/BLUE;WHITE
WHITE/PURPLE;WHITE
GREY/BLACK;GREY
WHITE/CREAM;WHITE
YELLOW/OLIVE;YELLOW
WHITE/NAVY;WHITE
WHITE;WHITE
SPICY MANGO;YELLOW
BURNT CHERRY;RED
BLACK SMOKE;BLACK
MIDNIGHT;BLUE
SKYWAY;BLUE
WHITE/DEEP PURPLE;WHITE
LIGHT GREY/DARK GREY;GREY
CREAM/PURPLE;WHITE
POWDER BLUE;BLUE
BLACK BLUE;BLACK
BLACK BROWN;BLACK
TORTOISE SHELL;BROWN
CREAM RACING GREEN;WHITE
CREAM MUSHROOM;WHITE
KHAKI CREAM;GREEN
BLACK/OFFWHITE;BLACK
BROWN/GOLD;BROWN
VINTAGE WHITE/BLACK;WHITE
CREAM POWDER BLUE;BLUE
BUTTERCREME/NAVY;YELLOW
CLAY;BROWN
GLASS;SONSTIGES
BUTTERCREAM/BLUE;WHITE
BUTTERCREAM/GREEN;WHITE
ROYAL BLUE;BLUE
WHITE/LIGHT PURPLE;WHITE
WHITE/BORDEAUX;WHITE